,Annualized mean,Annualized std. dev.,Sharpe ratio,Max drawdown,Diversification metric
RobustOptimizationPortfolio,1.8503239515809624,0.8681254988073295,2.1314014553460554,-0.2207952618047807,0.3779644506468788
RobustOptimizationPortfolio_10,1.3050968094886595,0.6925235405462592,1.8845522687347285,-0.2329021214163114,0.3139954602998124
RobustOptimizationPortfolio_1000,1.0721080653852022,0.6891032094649244,1.555801875045211,-0.2491061415583986,0.02075831927402153
